,animal,correct,group,valid,trial,trial_type
0,1.0,0.0,control,True,0.0,training
1,1.0,1.0,control,True,1.0,training
2,1.0,0.0,control,True,2.0,training
3,1.0,0.0,control,True,3.0,training
4,1.0,0.0,control,True,4.0,training
5,1.0,1.0,control,True,5.0,training
6,1.0,1.0,control,True,6.0,training
7,1.0,0.0,control,True,7.0,training
8,1.0,1.0,control,True,8.0,training
9,1.0,0.0,control,True,9.0,training
10,1.0,1.0,control,True,10.0,training
11,1.0,0.0,control,True,11.0,training
12,1.0,0.0,control,True,12.0,training
13,1.0,0.0,control,True,13.0,training
14,1.0,0.0,control,True,14.0,training
15,1.0,0.0,control,True,15.0,training
16,1.0,0.0,control,True,16.0,training
17,1.0,0.0,control,True,17.0,training
18,1.0,0.0,control,True,18.0,training
19,1.0,1.0,control,True,19.0,training
20,1.0,0.0,control,True,20.0,training
21,1.0,0.0,control,True,21.0,training
22,1.0,0.0,control,True,22.0,training
23,1.0,0.0,control,True,23.0,training
24,1.0,1.0,control,True,24.0,training
25,1.0,0.0,control,True,25.0,training
26,1.0,1.0,control,True,26.0,training
27,1.0,0.0,control,True,27.0,training
28,1.0,1.0,control,True,28.0,training
29,1.0,0.0,control,True,29.0,training
30,1.0,1.0,control,True,30.0,training
31,1.0,0.0,control,True,31.0,training
32,1.0,1.0,control,True,32.0,training
33,1.0,1.0,control,True,33.0,training
34,1.0,1.0,control,True,34.0,training
35,1.0,1.0,control,True,35.0,training
36,1.0,1.0,control,True,36.0,training
37,1.0,1.0,control,True,37.0,training
38,1.0,0.0,control,True,38.0,training
39,1.0,1.0,control,True,39.0,training
40,1.0,0.0,control,False,40.0,training
41,1.0,0.0,control,False,41.0,training
42,1.0,0.0,control,False,42.0,training
43,1.0,0.0,control,False,43.0,training
44,1.0,0.0,control,False,44.0,training
45,1.0,0.0,control,False,45.0,training
46,1.0,0.0,control,False,46.0,training
47,1.0,0.0,control,False,47.0,training
48,1.0,0.0,control,False,48.0,training
49,1.0,0.0,control,False,49.0,training
50,1.0,1.0,control,True,50.0,early test
51,1.0,0.0,control,True,51.0,early test
52,1.0,0.0,control,True,52.0,early test
53,1.0,0.0,control,True,53.0,early test
54,1.0,0.0,control,True,54.0,early test
55,1.0,1.0,control,True,55.0,training
56,1.0,1.0,control,True,56.0,training
57,1.0,1.0,control,True,57.0,training
58,1.0,1.0,control,True,58.0,training
59,1.0,1.0,control,True,59.0,training
60,1.0,1.0,control,True,60.0,training
61,1.0,1.0,control,True,61.0,training
62,1.0,1.0,control,True,62.0,training
63,1.0,1.0,control,True,63.0,training
64,1.0,0.0,control,True,64.0,training
65,1.0,1.0,control,True,65.0,training
66,1.0,1.0,control,True,66.0,training
67,1.0,1.0,control,True,67.0,training
68,1.0,1.0,control,True,68.0,training
69,1.0,1.0,control,True,69.0,training
70,1.0,1.0,control,True,70.0,training
71,1.0,1.0,control,True,71.0,training
72,1.0,1.0,control,True,72.0,training
73,1.0,0.0,control,True,73.0,training
74,1.0,1.0,control,True,74.0,training
75,1.0,1.0,control,True,75.0,training
76,1.0,1.0,control,True,76.0,training
77,1.0,1.0,control,True,77.0,training
78,1.0,1.0,control,True,78.0,training
79,1.0,0.0,control,True,79.0,training
80,1.0,1.0,control,True,80.0,training
81,1.0,0.0,control,True,81.0,training
82,1.0,1.0,control,True,82.0,training
83,1.0,1.0,control,True,83.0,training
84,1.0,1.0,control,True,84.0,training
85,1.0,1.0,control,True,85.0,training
86,1.0,1.0,control,True,86.0,training
87,1.0,1.0,control,True,87.0,training
88,1.0,1.0,control,True,88.0,training
89,1.0,1.0,control,True,89.0,training
90,1.0,1.0,control,True,90.0,training
91,1.0,1.0,control,True,91.0,training
92,1.0,1.0,control,True,92.0,training
93,1.0,1.0,control,True,93.0,training
94,1.0,1.0,control,True,94.0,training
95,1.0,0.0,control,False,95.0,training
96,1.0,0.0,control,False,96.0,training
97,1.0,0.0,control,False,97.0,training
98,1.0,0.0,control,False,98.0,training
99,1.0,0.0,control,False,99.0,training
100,1.0,0.0,control,False,100.0,training
101,1.0,0.0,control,False,101.0,training
102,1.0,0.0,control,False,102.0,training
103,1.0,0.0,control,False,103.0,training
104,1.0,0.0,control,False,104.0,training
105,1.0,1.0,control,True,105.0,late test
106,1.0,1.0,control,True,106.0,late test
107,1.0,1.0,control,True,107.0,late test
108,1.0,0.0,control,True,108.0,late test
109,1.0,1.0,control,True,109.0,late test
110,2.0,0.0,control,True,0.0,training
111,2.0,1.0,control,True,1.0,training
112,2.0,1.0,control,True,2.0,training
113,2.0,0.0,control,True,3.0,training
114,2.0,0.0,control,True,4.0,training
115,2.0,0.0,control,True,5.0,training
116,2.0,0.0,control,True,6.0,training
117,2.0,0.0,control,True,7.0,training
118,2.0,0.0,control,True,8.0,training
119,2.0,1.0,control,True,9.0,training
120,2.0,0.0,control,True,10.0,training
121,2.0,0.0,control,True,11.0,training
122,2.0,0.0,control,True,12.0,training
123,2.0,1.0,control,True,13.0,training
124,2.0,0.0,control,True,14.0,training
125,2.0,1.0,control,True,15.0,training
126,2.0,0.0,control,True,16.0,training
127,2.0,1.0,control,True,17.0,training
128,2.0,1.0,control,True,18.0,training
129,2.0,0.0,control,True,19.0,training
130,2.0,0.0,control,True,20.0,training
131,2.0,0.0,control,True,21.0,training
132,2.0,1.0,control,True,22.0,training
133,2.0,1.0,control,True,23.0,training
134,2.0,0.0,control,True,24.0,training
135,2.0,1.0,control,True,25.0,training
136,2.0,1.0,control,True,26.0,training
137,2.0,0.0,control,True,27.0,training
138,2.0,1.0,control,True,28.0,training
139,2.0,1.0,control,True,29.0,training
140,2.0,1.0,control,True,30.0,training
141,2.0,0.0,control,True,31.0,training
142,2.0,1.0,control,True,32.0,training
143,2.0,1.0,control,True,33.0,training
144,2.0,1.0,control,True,34.0,training
145,2.0,0.0,control,True,35.0,training
146,2.0,1.0,control,True,36.0,training
147,2.0,1.0,control,True,37.0,training
148,2.0,1.0,control,True,38.0,training
149,2.0,1.0,control,True,39.0,training
150,2.0,0.0,control,False,40.0,training
151,2.0,0.0,control,False,41.0,training
152,2.0,0.0,control,False,42.0,training
153,2.0,0.0,control,False,43.0,training
154,2.0,0.0,control,False,44.0,training
155,2.0,0.0,control,False,45.0,training
156,2.0,0.0,control,False,46.0,training
157,2.0,0.0,control,False,47.0,training
158,2.0,0.0,control,False,48.0,training
159,2.0,0.0,control,False,49.0,training
160,2.0,0.0,control,True,50.0,early test
161,2.0,0.0,control,True,51.0,early test
162,2.0,1.0,control,True,52.0,early test
163,2.0,0.0,control,True,53.0,early test
164,2.0,1.0,control,True,54.0,early test
165,2.0,1.0,control,True,55.0,training
166,2.0,1.0,control,True,56.0,training
167,2.0,1.0,control,True,57.0,training
168,2.0,1.0,control,True,58.0,training
169,2.0,1.0,control,True,59.0,training
170,2.0,0.0,control,True,60.0,training
171,2.0,1.0,control,True,61.0,training
172,2.0,1.0,control,True,62.0,training
173,2.0,1.0,control,True,63.0,training
174,2.0,1.0,control,True,64.0,training
175,2.0,1.0,control,True,65.0,training
176,2.0,1.0,control,True,66.0,training
177,2.0,1.0,control,True,67.0,training
178,2.0,1.0,control,True,68.0,training
179,2.0,0.0,control,True,69.0,training
180,2.0,1.0,control,True,70.0,training
181,2.0,1.0,control,True,71.0,training
182,2.0,1.0,control,True,72.0,training
183,2.0,0.0,control,True,73.0,training
184,2.0,1.0,control,True,74.0,training
185,2.0,1.0,control,True,75.0,training
186,2.0,1.0,control,True,76.0,training
187,2.0,1.0,control,True,77.0,training
188,2.0,1.0,control,True,78.0,training
189,2.0,1.0,control,True,79.0,training
190,2.0,0.0,control,True,80.0,training
191,2.0,1.0,control,True,81.0,training
192,2.0,1.0,control,True,82.0,training
193,2.0,1.0,control,True,83.0,training
194,2.0,1.0,control,True,84.0,training
195,2.0,1.0,control,True,85.0,training
196,2.0,1.0,control,True,86.0,training
197,2.0,1.0,control,True,87.0,training
198,2.0,1.0,control,True,88.0,training
199,2.0,1.0,control,True,89.0,training
200,2.0,1.0,control,True,90.0,training
201,2.0,1.0,control,True,91.0,training
202,2.0,1.0,control,True,92.0,training
203,2.0,1.0,control,True,93.0,training
204,2.0,1.0,control,True,94.0,training
205,2.0,0.0,control,False,95.0,training
206,2.0,0.0,control,False,96.0,training
207,2.0,0.0,control,False,97.0,training
208,2.0,0.0,control,False,98.0,training
209,2.0,0.0,control,False,99.0,training
210,2.0,0.0,control,False,100.0,training
211,2.0,0.0,control,False,101.0,training
212,2.0,0.0,control,False,102.0,training
213,2.0,0.0,control,False,103.0,training
214,2.0,0.0,control,False,104.0,training
215,2.0,0.0,control,True,105.0,late test
216,2.0,1.0,control,True,106.0,late test
217,2.0,1.0,control,True,107.0,late test
218,2.0,1.0,control,True,108.0,late test
219,2.0,1.0,control,True,109.0,late test
220,3.0,1.0,control,True,0.0,training
221,3.0,0.0,control,True,1.0,training
222,3.0,0.0,control,True,2.0,training
223,3.0,0.0,control,True,3.0,training
224,3.0,1.0,control,True,4.0,training
225,3.0,0.0,control,True,5.0,training
226,3.0,0.0,control,True,6.0,training
227,3.0,0.0,control,True,7.0,training
228,3.0,1.0,control,True,8.0,training
229,3.0,0.0,control,True,9.0,training
230,3.0,1.0,control,True,10.0,training
231,3.0,0.0,control,True,11.0,training
232,3.0,1.0,control,True,12.0,training
233,3.0,0.0,control,True,13.0,training
234,3.0,0.0,control,True,14.0,training
235,3.0,0.0,control,True,15.0,training
236,3.0,0.0,control,True,16.0,training
237,3.0,0.0,control,True,17.0,training
238,3.0,0.0,control,True,18.0,training
239,3.0,1.0,control,True,19.0,training
240,3.0,1.0,control,True,20.0,training
241,3.0,1.0,control,True,21.0,training
242,3.0,0.0,control,True,22.0,training
243,3.0,1.0,control,True,23.0,training
244,3.0,0.0,control,True,24.0,training
245,3.0,1.0,control,True,25.0,training
246,3.0,0.0,control,True,26.0,training
247,3.0,1.0,control,True,27.0,training
248,3.0,1.0,control,True,28.0,training
249,3.0,0.0,control,True,29.0,training
250,3.0,1.0,control,True,30.0,training
251,3.0,1.0,control,True,31.0,training
252,3.0,1.0,control,True,32.0,training
253,3.0,1.0,control,True,33.0,training
254,3.0,1.0,control,True,34.0,training
255,3.0,0.0,control,True,35.0,training
256,3.0,1.0,control,True,36.0,training
257,3.0,1.0,control,True,37.0,training
258,3.0,1.0,control,True,38.0,training
259,3.0,1.0,control,True,39.0,training
260,3.0,0.0,control,False,40.0,training
261,3.0,0.0,control,False,41.0,training
262,3.0,0.0,control,False,42.0,training
263,3.0,0.0,control,False,43.0,training
264,3.0,0.0,control,False,44.0,training
265,3.0,0.0,control,False,45.0,training
266,3.0,0.0,control,False,46.0,training
267,3.0,0.0,control,False,47.0,training
268,3.0,0.0,control,False,48.0,training
269,3.0,0.0,control,False,49.0,training
270,3.0,1.0,control,True,50.0,early test
271,3.0,0.0,control,True,51.0,early test
272,3.0,0.0,control,True,52.0,early test
273,3.0,0.0,control,True,53.0,early test
274,3.0,0.0,control,True,54.0,early test
275,3.0,1.0,control,True,55.0,training
276,3.0,1.0,control,True,56.0,training
277,3.0,0.0,control,True,57.0,training
278,3.0,1.0,control,True,58.0,training
279,3.0,1.0,control,True,59.0,training
280,3.0,1.0,control,True,60.0,training
281,3.0,1.0,control,True,61.0,training
282,3.0,1.0,control,True,62.0,training
283,3.0,1.0,control,True,63.0,training
284,3.0,1.0,control,True,64.0,training
285,3.0,1.0,control,True,65.0,training
286,3.0,1.0,control,True,66.0,training
287,3.0,1.0,control,True,67.0,training
288,3.0,0.0,control,True,68.0,training
289,3.0,1.0,control,True,69.0,training
290,3.0,1.0,control,True,70.0,training
291,3.0,0.0,control,True,71.0,training
292,3.0,1.0,control,True,72.0,training
293,3.0,1.0,control,True,73.0,training
294,3.0,1.0,control,True,74.0,training
295,3.0,1.0,control,True,75.0,training
296,3.0,1.0,control,True,76.0,training
297,3.0,1.0,control,True,77.0,training
298,3.0,0.0,control,True,78.0,training
299,3.0,1.0,control,True,79.0,training
300,3.0,1.0,control,True,80.0,training
301,3.0,1.0,control,True,81.0,training
302,3.0,1.0,control,True,82.0,training
303,3.0,1.0,control,True,83.0,training
304,3.0,1.0,control,True,84.0,training
305,3.0,1.0,control,True,85.0,training
306,3.0,1.0,control,True,86.0,training
307,3.0,1.0,control,True,87.0,training
308,3.0,1.0,control,True,88.0,training
309,3.0,1.0,control,True,89.0,training
310,3.0,1.0,control,True,90.0,training
311,3.0,1.0,control,True,91.0,training
312,3.0,1.0,control,True,92.0,training
313,3.0,1.0,control,True,93.0,training
314,3.0,1.0,control,True,94.0,training
315,3.0,0.0,control,False,95.0,training
316,3.0,0.0,control,False,96.0,training
317,3.0,0.0,control,False,97.0,training
318,3.0,0.0,control,False,98.0,training
319,3.0,0.0,control,False,99.0,training
320,3.0,0.0,control,False,100.0,training
321,3.0,0.0,control,False,101.0,training
322,3.0,0.0,control,False,102.0,training
323,3.0,0.0,control,False,103.0,training
324,3.0,0.0,control,False,104.0,training
325,3.0,1.0,control,True,105.0,late test
326,3.0,0.0,control,True,106.0,late test
327,3.0,1.0,control,True,107.0,late test
328,3.0,1.0,control,True,108.0,late test
329,3.0,1.0,control,True,109.0,late test
330,4.0,1.0,control,True,0.0,training
331,4.0,1.0,control,True,1.0,training
332,4.0,0.0,control,True,2.0,training
333,4.0,1.0,control,True,3.0,training
334,4.0,0.0,control,True,4.0,training
335,4.0,0.0,control,True,5.0,training
336,4.0,0.0,control,True,6.0,training
337,4.0,1.0,control,True,7.0,training
338,4.0,0.0,control,True,8.0,training
339,4.0,0.0,control,True,9.0,training
340,4.0,1.0,control,True,10.0,training
341,4.0,0.0,control,True,11.0,training
342,4.0,1.0,control,True,12.0,training
343,4.0,1.0,control,True,13.0,training
344,4.0,1.0,control,True,14.0,training
345,4.0,1.0,control,True,15.0,training
346,4.0,1.0,control,True,16.0,training
347,4.0,0.0,control,True,17.0,training
348,4.0,1.0,control,True,18.0,training
349,4.0,0.0,control,True,19.0,training
350,4.0,1.0,control,True,20.0,training
351,4.0,1.0,control,True,21.0,training
352,4.0,1.0,control,True,22.0,training
353,4.0,1.0,control,True,23.0,training
354,4.0,0.0,control,True,24.0,training
355,4.0,1.0,control,True,25.0,training
356,4.0,1.0,control,True,26.0,training
357,4.0,1.0,control,True,27.0,training
358,4.0,1.0,control,True,28.0,training
359,4.0,1.0,control,True,29.0,training
360,4.0,0.0,control,False,30.0,training
361,4.0,0.0,control,False,31.0,training
362,4.0,0.0,control,False,32.0,training
363,4.0,0.0,control,False,33.0,training
364,4.0,0.0,control,False,34.0,training
365,4.0,0.0,control,False,35.0,training
366,4.0,0.0,control,False,36.0,training
367,4.0,0.0,control,False,37.0,training
368,4.0,0.0,control,False,38.0,training
369,4.0,0.0,control,False,39.0,training
370,4.0,0.0,control,False,40.0,training
371,4.0,0.0,control,False,41.0,training
372,4.0,0.0,control,False,42.0,training
373,4.0,0.0,control,False,43.0,training
374,4.0,0.0,control,False,44.0,training
375,4.0,0.0,control,False,45.0,training
376,4.0,0.0,control,False,46.0,training
377,4.0,0.0,control,False,47.0,training
378,4.0,0.0,control,False,48.0,training
379,4.0,0.0,control,False,49.0,training
380,4.0,1.0,control,True,50.0,early test
381,4.0,0.0,control,True,51.0,early test
382,4.0,1.0,control,True,52.0,early test
383,4.0,0.0,control,True,53.0,early test
384,4.0,0.0,control,True,54.0,early test
385,4.0,1.0,control,True,55.0,training
386,4.0,1.0,control,True,56.0,training
387,4.0,1.0,control,True,57.0,training
388,4.0,1.0,control,True,58.0,training
389,4.0,1.0,control,True,59.0,training
390,4.0,1.0,control,True,60.0,training
391,4.0,1.0,control,True,61.0,training
392,4.0,1.0,control,True,62.0,training
393,4.0,1.0,control,True,63.0,training
394,4.0,1.0,control,True,64.0,training
395,4.0,1.0,control,True,65.0,training
396,4.0,1.0,control,True,66.0,training
397,4.0,1.0,control,True,67.0,training
398,4.0,1.0,control,True,68.0,training
399,4.0,1.0,control,True,69.0,training
400,4.0,1.0,control,True,70.0,training
401,4.0,1.0,control,True,71.0,training
402,4.0,1.0,control,True,72.0,training
403,4.0,1.0,control,True,73.0,training
404,4.0,1.0,control,True,74.0,training
405,4.0,1.0,control,True,75.0,training
406,4.0,1.0,control,True,76.0,training
407,4.0,1.0,control,True,77.0,training
408,4.0,1.0,control,True,78.0,training
409,4.0,1.0,control,True,79.0,training
410,4.0,1.0,control,True,80.0,training
411,4.0,1.0,control,True,81.0,training
412,4.0,1.0,control,True,82.0,training
413,4.0,1.0,control,True,83.0,training
414,4.0,1.0,control,True,84.0,training
415,4.0,1.0,control,True,85.0,training
416,4.0,1.0,control,True,86.0,training
417,4.0,1.0,control,True,87.0,training
418,4.0,1.0,control,True,88.0,training
419,4.0,1.0,control,True,89.0,training
420,4.0,1.0,control,True,90.0,training
421,4.0,1.0,control,True,91.0,training
422,4.0,1.0,control,True,92.0,training
423,4.0,1.0,control,True,93.0,training
424,4.0,1.0,control,True,94.0,training
425,4.0,1.0,control,True,95.0,training
426,4.0,1.0,control,True,96.0,training
427,4.0,1.0,control,True,97.0,training
428,4.0,1.0,control,True,98.0,training
429,4.0,1.0,control,True,99.0,training
430,4.0,1.0,control,True,100.0,training
431,4.0,1.0,control,True,101.0,training
432,4.0,1.0,control,True,102.0,training
433,4.0,1.0,control,True,103.0,training
434,4.0,1.0,control,True,104.0,training
435,4.0,1.0,control,True,105.0,late test
436,4.0,0.0,control,True,106.0,late test
437,4.0,0.0,control,True,107.0,late test
438,4.0,0.0,control,True,108.0,late test
439,4.0,1.0,control,True,109.0,late test
440,5.0,0.0,control,True,0.0,training
441,5.0,0.0,control,True,1.0,training
442,5.0,0.0,control,True,2.0,training
443,5.0,0.0,control,True,3.0,training
444,5.0,0.0,control,True,4.0,training
445,5.0,1.0,control,True,5.0,training
446,5.0,0.0,control,True,6.0,training
447,5.0,0.0,control,True,7.0,training
448,5.0,0.0,control,True,8.0,training
449,5.0,0.0,control,True,9.0,training
450,5.0,0.0,control,True,10.0,training
451,5.0,0.0,control,True,11.0,training
452,5.0,0.0,control,True,12.0,training
453,5.0,0.0,control,True,13.0,training
454,5.0,1.0,control,True,14.0,training
455,5.0,1.0,control,True,15.0,training
456,5.0,1.0,control,True,16.0,training
457,5.0,0.0,control,True,17.0,training
458,5.0,0.0,control,True,18.0,training
459,5.0,0.0,control,True,19.0,training
460,5.0,1.0,control,True,20.0,training
461,5.0,1.0,control,True,21.0,training
462,5.0,0.0,control,True,22.0,training
463,5.0,1.0,control,True,23.0,training
464,5.0,0.0,control,True,24.0,training
465,5.0,1.0,control,True,25.0,training
466,5.0,1.0,control,True,26.0,training
467,5.0,0.0,control,True,27.0,training
468,5.0,0.0,control,True,28.0,training
469,5.0,0.0,control,True,29.0,training
470,5.0,1.0,control,True,30.0,training
471,5.0,1.0,control,True,31.0,training
472,5.0,0.0,control,True,32.0,training
473,5.0,1.0,control,True,33.0,training
474,5.0,1.0,control,True,34.0,training
475,5.0,1.0,control,True,35.0,training
476,5.0,1.0,control,True,36.0,training
477,5.0,1.0,control,True,37.0,training
478,5.0,0.0,control,True,38.0,training
479,5.0,1.0,control,True,39.0,training
480,5.0,0.0,control,False,40.0,training
481,5.0,0.0,control,False,41.0,training
482,5.0,0.0,control,False,42.0,training
483,5.0,0.0,control,False,43.0,training
484,5.0,0.0,control,False,44.0,training
485,5.0,0.0,control,False,45.0,training
486,5.0,0.0,control,False,46.0,training
487,5.0,0.0,control,False,47.0,training
488,5.0,0.0,control,False,48.0,training
489,5.0,0.0,control,False,49.0,training
490,5.0,1.0,control,True,50.0,early test
491,5.0,1.0,control,True,51.0,early test
492,5.0,1.0,control,True,52.0,early test
493,5.0,0.0,control,True,53.0,early test
494,5.0,0.0,control,True,54.0,early test
495,5.0,1.0,control,True,55.0,training
496,5.0,0.0,control,True,56.0,training
497,5.0,1.0,control,True,57.0,training
498,5.0,0.0,control,True,58.0,training
499,5.0,1.0,control,True,59.0,training
500,5.0,1.0,control,True,60.0,training
501,5.0,1.0,control,True,61.0,training
502,5.0,1.0,control,True,62.0,training
503,5.0,1.0,control,True,63.0,training
504,5.0,0.0,control,True,64.0,training
505,5.0,1.0,control,True,65.0,training
506,5.0,0.0,control,True,66.0,training
507,5.0,1.0,control,True,67.0,training
508,5.0,1.0,control,True,68.0,training
509,5.0,1.0,control,True,69.0,training
510,5.0,1.0,control,True,70.0,training
511,5.0,0.0,control,True,71.0,training
512,5.0,0.0,control,True,72.0,training
513,5.0,1.0,control,True,73.0,training
514,5.0,1.0,control,True,74.0,training
515,5.0,1.0,control,True,75.0,training
516,5.0,1.0,control,True,76.0,training
517,5.0,1.0,control,True,77.0,training
518,5.0,1.0,control,True,78.0,training
519,5.0,1.0,control,True,79.0,training
520,5.0,1.0,control,True,80.0,training
521,5.0,1.0,control,True,81.0,training
522,5.0,1.0,control,True,82.0,training
523,5.0,1.0,control,True,83.0,training
524,5.0,1.0,control,True,84.0,training
525,5.0,0.0,control,True,85.0,training
526,5.0,1.0,control,True,86.0,training
527,5.0,1.0,control,True,87.0,training
528,5.0,1.0,control,True,88.0,training
529,5.0,1.0,control,True,89.0,training
530,5.0,1.0,control,True,90.0,training
531,5.0,1.0,control,True,91.0,training
532,5.0,1.0,control,True,92.0,training
533,5.0,1.0,control,True,93.0,training
534,5.0,1.0,control,True,94.0,training
535,5.0,0.0,control,False,95.0,training
536,5.0,0.0,control,False,96.0,training
537,5.0,0.0,control,False,97.0,training
538,5.0,0.0,control,False,98.0,training
539,5.0,0.0,control,False,99.0,training
540,5.0,0.0,control,False,100.0,training
541,5.0,0.0,control,False,101.0,training
542,5.0,0.0,control,False,102.0,training
543,5.0,0.0,control,False,103.0,training
544,5.0,0.0,control,False,104.0,training
545,5.0,1.0,control,True,105.0,late test
546,5.0,0.0,control,True,106.0,late test
547,5.0,1.0,control,True,107.0,late test
548,5.0,0.0,control,True,108.0,late test
549,5.0,1.0,control,True,109.0,late test
550,6.0,1.0,control,True,0.0,training
551,6.0,0.0,control,True,1.0,training
552,6.0,1.0,control,True,2.0,training
553,6.0,0.0,control,True,3.0,training
554,6.0,0.0,control,True,4.0,training
555,6.0,0.0,control,True,5.0,training
556,6.0,0.0,control,True,6.0,training
557,6.0,0.0,control,True,7.0,training
558,6.0,0.0,control,True,8.0,training
559,6.0,0.0,control,True,9.0,training
560,6.0,0.0,control,True,10.0,training
561,6.0,0.0,control,True,11.0,training
562,6.0,1.0,control,True,12.0,training
563,6.0,0.0,control,True,13.0,training
564,6.0,0.0,control,True,14.0,training
565,6.0,0.0,control,True,15.0,training
566,6.0,0.0,control,True,16.0,training
567,6.0,0.0,control,True,17.0,training
568,6.0,0.0,control,True,18.0,training
569,6.0,0.0,control,True,19.0,training
570,6.0,0.0,control,True,20.0,training
571,6.0,1.0,control,True,21.0,training
572,6.0,0.0,control,True,22.0,training
573,6.0,0.0,control,True,23.0,training
574,6.0,1.0,control,True,24.0,training
575,6.0,1.0,control,True,25.0,training
576,6.0,1.0,control,True,26.0,training
577,6.0,0.0,control,True,27.0,training
578,6.0,1.0,control,True,28.0,training
579,6.0,0.0,control,True,29.0,training
580,6.0,1.0,control,True,30.0,training
581,6.0,0.0,control,True,31.0,training
582,6.0,1.0,control,True,32.0,training
583,6.0,1.0,control,True,33.0,training
584,6.0,1.0,control,True,34.0,training
585,6.0,1.0,control,True,35.0,training
586,6.0,1.0,control,True,36.0,training
587,6.0,1.0,control,True,37.0,training
588,6.0,1.0,control,True,38.0,training
589,6.0,1.0,control,True,39.0,training
590,6.0,0.0,control,False,40.0,training
591,6.0,0.0,control,False,41.0,training
592,6.0,0.0,control,False,42.0,training
593,6.0,0.0,control,False,43.0,training
594,6.0,0.0,control,False,44.0,training
595,6.0,0.0,control,False,45.0,training
596,6.0,0.0,control,False,46.0,training
597,6.0,0.0,control,False,47.0,training
598,6.0,0.0,control,False,48.0,training
599,6.0,0.0,control,False,49.0,training
600,6.0,1.0,control,True,50.0,early test
601,6.0,1.0,control,True,51.0,early test
602,6.0,0.0,control,True,52.0,early test
603,6.0,0.0,control,True,53.0,early test
604,6.0,0.0,control,True,54.0,early test
605,6.0,0.0,control,True,55.0,training
606,6.0,1.0,control,True,56.0,training
607,6.0,1.0,control,True,57.0,training
608,6.0,1.0,control,True,58.0,training
609,6.0,1.0,control,True,59.0,training
610,6.0,1.0,control,True,60.0,training
611,6.0,1.0,control,True,61.0,training
612,6.0,1.0,control,True,62.0,training
613,6.0,1.0,control,True,63.0,training
614,6.0,1.0,control,True,64.0,training
615,6.0,1.0,control,True,65.0,training
616,6.0,1.0,control,True,66.0,training
617,6.0,1.0,control,True,67.0,training
618,6.0,1.0,control,True,68.0,training
619,6.0,1.0,control,True,69.0,training
620,6.0,0.0,control,True,70.0,training
621,6.0,1.0,control,True,71.0,training
622,6.0,1.0,control,True,72.0,training
623,6.0,1.0,control,True,73.0,training
624,6.0,1.0,control,True,74.0,training
625,6.0,1.0,control,True,75.0,training
626,6.0,1.0,control,True,76.0,training
627,6.0,1.0,control,True,77.0,training
628,6.0,1.0,control,True,78.0,training
629,6.0,1.0,control,True,79.0,training
630,6.0,1.0,control,True,80.0,training
631,6.0,1.0,control,True,81.0,training
632,6.0,0.0,control,True,82.0,training
633,6.0,1.0,control,True,83.0,training
634,6.0,1.0,control,True,84.0,training
635,6.0,1.0,control,True,85.0,training
636,6.0,1.0,control,True,86.0,training
637,6.0,1.0,control,True,87.0,training
638,6.0,1.0,control,True,88.0,training
639,6.0,0.0,control,True,89.0,training
640,6.0,1.0,control,True,90.0,training
641,6.0,1.0,control,True,91.0,training
642,6.0,1.0,control,True,92.0,training
643,6.0,1.0,control,True,93.0,training
644,6.0,1.0,control,True,94.0,training
645,6.0,0.0,control,False,95.0,training
646,6.0,0.0,control,False,96.0,training
647,6.0,0.0,control,False,97.0,training
648,6.0,0.0,control,False,98.0,training
649,6.0,0.0,control,False,99.0,training
650,6.0,0.0,control,False,100.0,training
651,6.0,0.0,control,False,101.0,training
652,6.0,0.0,control,False,102.0,training
653,6.0,0.0,control,False,103.0,training
654,6.0,0.0,control,False,104.0,training
655,6.0,1.0,control,True,105.0,late test
656,6.0,1.0,control,True,106.0,late test
657,6.0,1.0,control,True,107.0,late test
658,6.0,1.0,control,True,108.0,late test
659,6.0,0.0,control,True,109.0,late test
660,7.0,1.0,control,True,0.0,training
661,7.0,0.0,control,True,1.0,training
662,7.0,1.0,control,True,2.0,training
663,7.0,0.0,control,True,3.0,training
664,7.0,0.0,control,True,4.0,training
665,7.0,1.0,control,True,5.0,training
666,7.0,0.0,control,True,6.0,training
667,7.0,0.0,control,True,7.0,training
668,7.0,1.0,control,True,8.0,training
669,7.0,0.0,control,True,9.0,training
670,7.0,1.0,control,True,10.0,training
671,7.0,1.0,control,True,11.0,training
672,7.0,1.0,control,True,12.0,training
673,7.0,1.0,control,True,13.0,training
674,7.0,0.0,control,True,14.0,training
675,7.0,0.0,control,True,15.0,training
676,7.0,1.0,control,True,16.0,training
677,7.0,0.0,control,True,17.0,training
678,7.0,1.0,control,True,18.0,training
679,7.0,1.0,control,True,19.0,training
680,7.0,1.0,control,True,20.0,training
681,7.0,1.0,control,True,21.0,training
682,7.0,0.0,control,True,22.0,training
683,7.0,1.0,control,True,23.0,training
684,7.0,1.0,control,True,24.0,training
685,7.0,1.0,control,True,25.0,training
686,7.0,1.0,control,True,26.0,training
687,7.0,1.0,control,True,27.0,training
688,7.0,1.0,control,True,28.0,training
689,7.0,1.0,control,True,29.0,training
690,7.0,0.0,control,False,30.0,training
691,7.0,0.0,control,False,31.0,training
692,7.0,0.0,control,False,32.0,training
693,7.0,0.0,control,False,33.0,training
694,7.0,0.0,control,False,34.0,training
695,7.0,0.0,control,False,35.0,training
696,7.0,0.0,control,False,36.0,training
697,7.0,0.0,control,False,37.0,training
698,7.0,0.0,control,False,38.0,training
699,7.0,0.0,control,False,39.0,training
700,7.0,0.0,control,False,40.0,training
701,7.0,0.0,control,False,41.0,training
702,7.0,0.0,control,False,42.0,training
703,7.0,0.0,control,False,43.0,training
704,7.0,0.0,control,False,44.0,training
705,7.0,0.0,control,False,45.0,training
706,7.0,0.0,control,False,46.0,training
707,7.0,0.0,control,False,47.0,training
708,7.0,0.0,control,False,48.0,training
709,7.0,0.0,control,False,49.0,training
710,7.0,0.0,control,True,50.0,early test
711,7.0,1.0,control,True,51.0,early test
712,7.0,0.0,control,True,52.0,early test
713,7.0,1.0,control,True,53.0,early test
714,7.0,1.0,control,True,54.0,early test
715,7.0,1.0,control,True,55.0,training
716,7.0,1.0,control,True,56.0,training
717,7.0,1.0,control,True,57.0,training
718,7.0,1.0,control,True,58.0,training
719,7.0,1.0,control,True,59.0,training
720,7.0,1.0,control,True,60.0,training
721,7.0,1.0,control,True,61.0,training
722,7.0,1.0,control,True,62.0,training
723,7.0,1.0,control,True,63.0,training
724,7.0,1.0,control,True,64.0,training
725,7.0,1.0,control,True,65.0,training
726,7.0,1.0,control,True,66.0,training
727,7.0,1.0,control,True,67.0,training
728,7.0,1.0,control,True,68.0,training
729,7.0,1.0,control,True,69.0,training
730,7.0,1.0,control,True,70.0,training
731,7.0,1.0,control,True,71.0,training
732,7.0,1.0,control,True,72.0,training
733,7.0,1.0,control,True,73.0,training
734,7.0,1.0,control,True,74.0,training
735,7.0,1.0,control,True,75.0,training
736,7.0,1.0,control,True,76.0,training
737,7.0,1.0,control,True,77.0,training
738,7.0,1.0,control,True,78.0,training
739,7.0,1.0,control,True,79.0,training
740,7.0,1.0,control,True,80.0,training
741,7.0,1.0,control,True,81.0,training
742,7.0,1.0,control,True,82.0,training
743,7.0,1.0,control,True,83.0,training
744,7.0,1.0,control,True,84.0,training
745,7.0,1.0,control,True,85.0,training
746,7.0,1.0,control,True,86.0,training
747,7.0,1.0,control,True,87.0,training
748,7.0,1.0,control,True,88.0,training
749,7.0,1.0,control,True,89.0,training
750,7.0,1.0,control,True,90.0,training
751,7.0,1.0,control,True,91.0,training
752,7.0,0.0,control,True,92.0,training
753,7.0,1.0,control,True,93.0,training
754,7.0,1.0,control,True,94.0,training
755,7.0,1.0,control,True,95.0,training
756,7.0,1.0,control,True,96.0,training
757,7.0,1.0,control,True,97.0,training
758,7.0,1.0,control,True,98.0,training
759,7.0,1.0,control,True,99.0,training
760,7.0,1.0,control,True,100.0,training
761,7.0,1.0,control,True,101.0,training
762,7.0,1.0,control,True,102.0,training
763,7.0,1.0,control,True,103.0,training
764,7.0,1.0,control,True,104.0,training
765,7.0,1.0,control,True,105.0,late test
766,7.0,0.0,control,True,106.0,late test
767,7.0,1.0,control,True,107.0,late test
768,7.0,1.0,control,True,108.0,late test
769,7.0,1.0,control,True,109.0,late test
770,10.0,0.0,exposed,True,0.0,training
771,10.0,0.0,exposed,True,1.0,training
772,10.0,0.0,exposed,True,2.0,training
773,10.0,0.0,exposed,True,3.0,training
774,10.0,0.0,exposed,True,4.0,training
775,10.0,0.0,exposed,True,5.0,training
776,10.0,0.0,exposed,True,6.0,training
777,10.0,0.0,exposed,True,7.0,training
778,10.0,0.0,exposed,True,8.0,training
779,10.0,0.0,exposed,True,9.0,training
780,10.0,0.0,exposed,True,10.0,training
781,10.0,0.0,exposed,True,11.0,training
782,10.0,1.0,exposed,True,12.0,training
783,10.0,0.0,exposed,True,13.0,training
784,10.0,0.0,exposed,True,14.0,training
785,10.0,0.0,exposed,True,15.0,training
786,10.0,0.0,exposed,True,16.0,training
787,10.0,0.0,exposed,True,17.0,training
788,10.0,0.0,exposed,True,18.0,training
789,10.0,0.0,exposed,True,19.0,training
790,10.0,0.0,exposed,True,20.0,training
791,10.0,1.0,exposed,True,21.0,training
792,10.0,1.0,exposed,True,22.0,training
793,10.0,1.0,exposed,True,23.0,training
794,10.0,1.0,exposed,True,24.0,training
795,10.0,1.0,exposed,True,25.0,training
796,10.0,1.0,exposed,True,26.0,training
797,10.0,1.0,exposed,True,27.0,training
798,10.0,1.0,exposed,True,28.0,training
799,10.0,1.0,exposed,True,29.0,training
800,10.0,0.0,exposed,False,30.0,training
801,10.0,0.0,exposed,False,31.0,training
802,10.0,0.0,exposed,False,32.0,training
803,10.0,0.0,exposed,False,33.0,training
804,10.0,0.0,exposed,False,34.0,training
805,10.0,0.0,exposed,False,35.0,training
806,10.0,0.0,exposed,False,36.0,training
807,10.0,0.0,exposed,False,37.0,training
808,10.0,0.0,exposed,False,38.0,training
809,10.0,0.0,exposed,False,39.0,training
810,10.0,0.0,exposed,False,40.0,training
811,10.0,0.0,exposed,False,41.0,training
812,10.0,0.0,exposed,False,42.0,training
813,10.0,0.0,exposed,False,43.0,training
814,10.0,0.0,exposed,False,44.0,training
815,10.0,0.0,exposed,False,45.0,training
816,10.0,0.0,exposed,False,46.0,training
817,10.0,0.0,exposed,False,47.0,training
818,10.0,0.0,exposed,False,48.0,training
819,10.0,0.0,exposed,False,49.0,training
820,10.0,1.0,exposed,True,50.0,early test
821,10.0,0.0,exposed,True,51.0,early test
822,10.0,0.0,exposed,True,52.0,early test
823,10.0,1.0,exposed,True,53.0,early test
824,10.0,1.0,exposed,True,54.0,early test
825,10.0,0.0,exposed,True,55.0,training
826,10.0,0.0,exposed,True,56.0,training
827,10.0,1.0,exposed,True,57.0,training
828,10.0,1.0,exposed,True,58.0,training
829,10.0,1.0,exposed,True,59.0,training
830,10.0,1.0,exposed,True,60.0,training
831,10.0,1.0,exposed,True,61.0,training
832,10.0,1.0,exposed,True,62.0,training
833,10.0,1.0,exposed,True,63.0,training
834,10.0,1.0,exposed,True,64.0,training
835,10.0,1.0,exposed,True,65.0,training
836,10.0,0.0,exposed,True,66.0,training
837,10.0,1.0,exposed,True,67.0,training
838,10.0,1.0,exposed,True,68.0,training
839,10.0,1.0,exposed,True,69.0,training
840,10.0,1.0,exposed,True,70.0,training
841,10.0,1.0,exposed,True,71.0,training
842,10.0,1.0,exposed,True,72.0,training
843,10.0,1.0,exposed,True,73.0,training
844,10.0,1.0,exposed,True,74.0,training
845,10.0,1.0,exposed,True,75.0,training
846,10.0,1.0,exposed,True,76.0,training
847,10.0,1.0,exposed,True,77.0,training
848,10.0,0.0,exposed,True,78.0,training
849,10.0,1.0,exposed,True,79.0,training
850,10.0,1.0,exposed,True,80.0,training
851,10.0,1.0,exposed,True,81.0,training
852,10.0,1.0,exposed,True,82.0,training
853,10.0,1.0,exposed,True,83.0,training
854,10.0,1.0,exposed,True,84.0,training
855,10.0,1.0,exposed,True,85.0,training
856,10.0,1.0,exposed,True,86.0,training
857,10.0,1.0,exposed,True,87.0,training
858,10.0,1.0,exposed,True,88.0,training
859,10.0,1.0,exposed,True,89.0,training
860,10.0,1.0,exposed,True,90.0,training
861,10.0,1.0,exposed,True,91.0,training
862,10.0,1.0,exposed,True,92.0,training
863,10.0,1.0,exposed,True,93.0,training
864,10.0,1.0,exposed,True,94.0,training
865,10.0,1.0,exposed,True,95.0,training
866,10.0,1.0,exposed,True,96.0,training
867,10.0,1.0,exposed,True,97.0,training
868,10.0,1.0,exposed,True,98.0,training
869,10.0,1.0,exposed,True,99.0,training
870,10.0,1.0,exposed,True,100.0,training
871,10.0,1.0,exposed,True,101.0,training
872,10.0,1.0,exposed,True,102.0,training
873,10.0,1.0,exposed,True,103.0,training
874,10.0,1.0,exposed,True,104.0,training
875,10.0,1.0,exposed,True,105.0,late test
876,10.0,1.0,exposed,True,106.0,late test
877,10.0,1.0,exposed,True,107.0,late test
878,10.0,1.0,exposed,True,108.0,late test
879,10.0,0.0,exposed,True,109.0,late test
880,11.0,0.0,exposed,True,0.0,training
881,11.0,1.0,exposed,True,1.0,training
882,11.0,0.0,exposed,True,2.0,training
883,11.0,0.0,exposed,True,3.0,training
884,11.0,0.0,exposed,True,4.0,training
885,11.0,0.0,exposed,True,5.0,training
886,11.0,0.0,exposed,True,6.0,training
887,11.0,0.0,exposed,True,7.0,training
888,11.0,1.0,exposed,True,8.0,training
889,11.0,0.0,exposed,True,9.0,training
890,11.0,1.0,exposed,True,10.0,training
891,11.0,0.0,exposed,True,11.0,training
892,11.0,1.0,exposed,True,12.0,training
893,11.0,0.0,exposed,True,13.0,training
894,11.0,1.0,exposed,True,14.0,training
895,11.0,0.0,exposed,True,15.0,training
896,11.0,0.0,exposed,True,16.0,training
897,11.0,1.0,exposed,True,17.0,training
898,11.0,1.0,exposed,True,18.0,training
899,11.0,1.0,exposed,True,19.0,training
900,11.0,1.0,exposed,True,20.0,training
901,11.0,1.0,exposed,True,21.0,training
902,11.0,0.0,exposed,True,22.0,training
903,11.0,1.0,exposed,True,23.0,training
904,11.0,1.0,exposed,True,24.0,training
905,11.0,1.0,exposed,True,25.0,training
906,11.0,0.0,exposed,True,26.0,training
907,11.0,1.0,exposed,True,27.0,training
908,11.0,1.0,exposed,True,28.0,training
909,11.0,1.0,exposed,True,29.0,training
910,11.0,0.0,exposed,False,30.0,training
911,11.0,0.0,exposed,False,31.0,training
912,11.0,0.0,exposed,False,32.0,training
913,11.0,0.0,exposed,False,33.0,training
914,11.0,0.0,exposed,False,34.0,training
915,11.0,0.0,exposed,False,35.0,training
916,11.0,0.0,exposed,False,36.0,training
917,11.0,0.0,exposed,False,37.0,training
918,11.0,0.0,exposed,False,38.0,training
919,11.0,0.0,exposed,False,39.0,training
920,11.0,0.0,exposed,False,40.0,training
921,11.0,0.0,exposed,False,41.0,training
922,11.0,0.0,exposed,False,42.0,training
923,11.0,0.0,exposed,False,43.0,training
924,11.0,0.0,exposed,False,44.0,training
925,11.0,0.0,exposed,False,45.0,training
926,11.0,0.0,exposed,False,46.0,training
927,11.0,0.0,exposed,False,47.0,training
928,11.0,0.0,exposed,False,48.0,training
929,11.0,0.0,exposed,False,49.0,training
930,11.0,1.0,exposed,True,50.0,early test
931,11.0,0.0,exposed,True,51.0,early test
932,11.0,0.0,exposed,True,52.0,early test
933,11.0,1.0,exposed,True,53.0,early test
934,11.0,0.0,exposed,True,54.0,early test
935,11.0,0.0,exposed,True,55.0,training
936,11.0,1.0,exposed,True,56.0,training
937,11.0,1.0,exposed,True,57.0,training
938,11.0,1.0,exposed,True,58.0,training
939,11.0,1.0,exposed,True,59.0,training
940,11.0,1.0,exposed,True,60.0,training
941,11.0,1.0,exposed,True,61.0,training
942,11.0,1.0,exposed,True,62.0,training
943,11.0,0.0,exposed,True,63.0,training
944,11.0,1.0,exposed,True,64.0,training
945,11.0,1.0,exposed,True,65.0,training
946,11.0,1.0,exposed,True,66.0,training
947,11.0,1.0,exposed,True,67.0,training
948,11.0,1.0,exposed,True,68.0,training
949,11.0,1.0,exposed,True,69.0,training
950,11.0,1.0,exposed,True,70.0,training
951,11.0,1.0,exposed,True,71.0,training
952,11.0,0.0,exposed,True,72.0,training
953,11.0,1.0,exposed,True,73.0,training
954,11.0,1.0,exposed,True,74.0,training
955,11.0,1.0,exposed,True,75.0,training
956,11.0,1.0,exposed,True,76.0,training
957,11.0,1.0,exposed,True,77.0,training
958,11.0,1.0,exposed,True,78.0,training
959,11.0,1.0,exposed,True,79.0,training
960,11.0,1.0,exposed,True,80.0,training
961,11.0,1.0,exposed,True,81.0,training
962,11.0,1.0,exposed,True,82.0,training
963,11.0,1.0,exposed,True,83.0,training
964,11.0,1.0,exposed,True,84.0,training
965,11.0,1.0,exposed,True,85.0,training
966,11.0,1.0,exposed,True,86.0,training
967,11.0,1.0,exposed,True,87.0,training
968,11.0,1.0,exposed,True,88.0,training
969,11.0,1.0,exposed,True,89.0,training
970,11.0,1.0,exposed,True,90.0,training
971,11.0,1.0,exposed,True,91.0,training
972,11.0,1.0,exposed,True,92.0,training
973,11.0,1.0,exposed,True,93.0,training
974,11.0,1.0,exposed,True,94.0,training
975,11.0,1.0,exposed,True,95.0,training
976,11.0,1.0,exposed,True,96.0,training
977,11.0,1.0,exposed,True,97.0,training
978,11.0,0.0,exposed,True,98.0,training
979,11.0,1.0,exposed,True,99.0,training
980,11.0,1.0,exposed,True,100.0,training
981,11.0,1.0,exposed,True,101.0,training
982,11.0,1.0,exposed,True,102.0,training
983,11.0,0.0,exposed,True,103.0,training
984,11.0,1.0,exposed,True,104.0,training
985,11.0,0.0,exposed,True,105.0,late test
986,11.0,0.0,exposed,True,106.0,late test
987,11.0,0.0,exposed,True,107.0,late test
988,11.0,1.0,exposed,True,108.0,late test
989,11.0,1.0,exposed,True,109.0,late test
990,12.0,0.0,exposed,True,0.0,training
991,12.0,0.0,exposed,True,1.0,training
992,12.0,0.0,exposed,True,2.0,training
993,12.0,0.0,exposed,True,3.0,training
994,12.0,0.0,exposed,True,4.0,training
995,12.0,0.0,exposed,True,5.0,training
996,12.0,0.0,exposed,True,6.0,training
997,12.0,0.0,exposed,True,7.0,training
998,12.0,0.0,exposed,True,8.0,training
999,12.0,0.0,exposed,True,9.0,training
1000,12.0,0.0,exposed,True,10.0,training
1001,12.0,0.0,exposed,True,11.0,training
1002,12.0,0.0,exposed,True,12.0,training
1003,12.0,0.0,exposed,True,13.0,training
1004,12.0,1.0,exposed,True,14.0,training
1005,12.0,1.0,exposed,True,15.0,training
1006,12.0,0.0,exposed,True,16.0,training
1007,12.0,0.0,exposed,True,17.0,training
1008,12.0,0.0,exposed,True,18.0,training
1009,12.0,1.0,exposed,True,19.0,training
1010,12.0,0.0,exposed,True,20.0,training
1011,12.0,1.0,exposed,True,21.0,training
1012,12.0,0.0,exposed,True,22.0,training
1013,12.0,1.0,exposed,True,23.0,training
1014,12.0,0.0,exposed,True,24.0,training
1015,12.0,0.0,exposed,True,25.0,training
1016,12.0,1.0,exposed,True,26.0,training
1017,12.0,1.0,exposed,True,27.0,training
1018,12.0,1.0,exposed,True,28.0,training
1019,12.0,1.0,exposed,True,29.0,training
1020,12.0,1.0,exposed,True,30.0,training
1021,12.0,1.0,exposed,True,31.0,training
1022,12.0,0.0,exposed,True,32.0,training
1023,12.0,1.0,exposed,True,33.0,training
1024,12.0,1.0,exposed,True,34.0,training
1025,12.0,0.0,exposed,False,35.0,training
1026,12.0,0.0,exposed,False,36.0,training
1027,12.0,0.0,exposed,False,37.0,training
1028,12.0,0.0,exposed,False,38.0,training
1029,12.0,0.0,exposed,False,39.0,training
1030,12.0,0.0,exposed,False,40.0,training
1031,12.0,0.0,exposed,False,41.0,training
1032,12.0,0.0,exposed,False,42.0,training
1033,12.0,0.0,exposed,False,43.0,training
1034,12.0,0.0,exposed,False,44.0,training
1035,12.0,0.0,exposed,False,45.0,training
1036,12.0,0.0,exposed,False,46.0,training
1037,12.0,0.0,exposed,False,47.0,training
1038,12.0,0.0,exposed,False,48.0,training
1039,12.0,0.0,exposed,False,49.0,training
1040,12.0,0.0,exposed,True,50.0,early test
1041,12.0,0.0,exposed,True,51.0,early test
1042,12.0,0.0,exposed,True,52.0,early test
1043,12.0,1.0,exposed,True,53.0,early test
1044,12.0,0.0,exposed,True,54.0,early test
1045,12.0,1.0,exposed,True,55.0,training
1046,12.0,0.0,exposed,True,56.0,training
1047,12.0,1.0,exposed,True,57.0,training
1048,12.0,1.0,exposed,True,58.0,training
1049,12.0,1.0,exposed,True,59.0,training
1050,12.0,1.0,exposed,True,60.0,training
1051,12.0,1.0,exposed,True,61.0,training
1052,12.0,1.0,exposed,True,62.0,training
1053,12.0,1.0,exposed,True,63.0,training
1054,12.0,1.0,exposed,True,64.0,training
1055,12.0,0.0,exposed,True,65.0,training
1056,12.0,1.0,exposed,True,66.0,training
1057,12.0,1.0,exposed,True,67.0,training
1058,12.0,1.0,exposed,True,68.0,training
1059,12.0,1.0,exposed,True,69.0,training
1060,12.0,1.0,exposed,True,70.0,training
1061,12.0,1.0,exposed,True,71.0,training
1062,12.0,1.0,exposed,True,72.0,training
1063,12.0,1.0,exposed,True,73.0,training
1064,12.0,0.0,exposed,True,74.0,training
1065,12.0,1.0,exposed,True,75.0,training
1066,12.0,1.0,exposed,True,76.0,training
1067,12.0,1.0,exposed,True,77.0,training
1068,12.0,1.0,exposed,True,78.0,training
1069,12.0,0.0,exposed,True,79.0,training
1070,12.0,1.0,exposed,True,80.0,training
1071,12.0,1.0,exposed,True,81.0,training
1072,12.0,1.0,exposed,True,82.0,training
1073,12.0,1.0,exposed,True,83.0,training
1074,12.0,1.0,exposed,True,84.0,training
1075,12.0,1.0,exposed,True,85.0,training
1076,12.0,1.0,exposed,True,86.0,training
1077,12.0,1.0,exposed,True,87.0,training
1078,12.0,1.0,exposed,True,88.0,training
1079,12.0,1.0,exposed,True,89.0,training
1080,12.0,1.0,exposed,True,90.0,training
1081,12.0,1.0,exposed,True,91.0,training
1082,12.0,1.0,exposed,True,92.0,training
1083,12.0,1.0,exposed,True,93.0,training
1084,12.0,1.0,exposed,True,94.0,training
1085,12.0,1.0,exposed,True,95.0,training
1086,12.0,1.0,exposed,True,96.0,training
1087,12.0,1.0,exposed,True,97.0,training
1088,12.0,1.0,exposed,True,98.0,training
1089,12.0,1.0,exposed,True,99.0,training
1090,12.0,0.0,exposed,False,100.0,training
1091,12.0,0.0,exposed,False,101.0,training
1092,12.0,0.0,exposed,False,102.0,training
1093,12.0,0.0,exposed,False,103.0,training
1094,12.0,0.0,exposed,False,104.0,training
1095,12.0,0.0,exposed,True,105.0,late test
1096,12.0,0.0,exposed,True,106.0,late test
1097,12.0,1.0,exposed,True,107.0,late test
1098,12.0,1.0,exposed,True,108.0,late test
1099,12.0,1.0,exposed,True,109.0,late test
1100,13.0,0.0,exposed,True,0.0,training
1101,13.0,0.0,exposed,True,1.0,training
1102,13.0,1.0,exposed,True,2.0,training
1103,13.0,0.0,exposed,True,3.0,training
1104,13.0,1.0,exposed,True,4.0,training
1105,13.0,1.0,exposed,True,5.0,training
1106,13.0,0.0,exposed,True,6.0,training
1107,13.0,0.0,exposed,True,7.0,training
1108,13.0,0.0,exposed,True,8.0,training
1109,13.0,1.0,exposed,True,9.0,training
1110,13.0,1.0,exposed,True,10.0,training
1111,13.0,0.0,exposed,True,11.0,training
1112,13.0,0.0,exposed,True,12.0,training
1113,13.0,1.0,exposed,True,13.0,training
1114,13.0,1.0,exposed,True,14.0,training
1115,13.0,1.0,exposed,True,15.0,training
1116,13.0,1.0,exposed,True,16.0,training
1117,13.0,1.0,exposed,True,17.0,training
1118,13.0,1.0,exposed,True,18.0,training
1119,13.0,1.0,exposed,True,19.0,training
1120,13.0,1.0,exposed,True,20.0,training
1121,13.0,1.0,exposed,True,21.0,training
1122,13.0,1.0,exposed,True,22.0,training
1123,13.0,1.0,exposed,True,23.0,training
1124,13.0,1.0,exposed,True,24.0,training
1125,13.0,0.0,exposed,False,25.0,training
1126,13.0,0.0,exposed,False,26.0,training
1127,13.0,0.0,exposed,False,27.0,training
1128,13.0,0.0,exposed,False,28.0,training
1129,13.0,0.0,exposed,False,29.0,training
1130,13.0,0.0,exposed,False,30.0,training
1131,13.0,0.0,exposed,False,31.0,training
1132,13.0,0.0,exposed,False,32.0,training
1133,13.0,0.0,exposed,False,33.0,training
1134,13.0,0.0,exposed,False,34.0,training
1135,13.0,0.0,exposed,False,35.0,training
1136,13.0,0.0,exposed,False,36.0,training
1137,13.0,0.0,exposed,False,37.0,training
1138,13.0,0.0,exposed,False,38.0,training
1139,13.0,0.0,exposed,False,39.0,training
1140,13.0,0.0,exposed,False,40.0,training
1141,13.0,0.0,exposed,False,41.0,training
1142,13.0,0.0,exposed,False,42.0,training
1143,13.0,0.0,exposed,False,43.0,training
1144,13.0,0.0,exposed,False,44.0,training
1145,13.0,0.0,exposed,False,45.0,training
1146,13.0,0.0,exposed,False,46.0,training
1147,13.0,0.0,exposed,False,47.0,training
1148,13.0,0.0,exposed,False,48.0,training
1149,13.0,0.0,exposed,False,49.0,training
1150,13.0,0.0,exposed,True,50.0,early test
1151,13.0,1.0,exposed,True,51.0,early test
1152,13.0,0.0,exposed,True,52.0,early test
1153,13.0,0.0,exposed,True,53.0,early test
1154,13.0,1.0,exposed,True,54.0,early test
1155,13.0,1.0,exposed,True,55.0,training
1156,13.0,1.0,exposed,True,56.0,training
1157,13.0,1.0,exposed,True,57.0,training
1158,13.0,1.0,exposed,True,58.0,training
1159,13.0,1.0,exposed,True,59.0,training
1160,13.0,1.0,exposed,True,60.0,training
1161,13.0,1.0,exposed,True,61.0,training
1162,13.0,1.0,exposed,True,62.0,training
1163,13.0,1.0,exposed,True,63.0,training
1164,13.0,1.0,exposed,True,64.0,training
1165,13.0,1.0,exposed,True,65.0,training
1166,13.0,1.0,exposed,True,66.0,training
1167,13.0,1.0,exposed,True,67.0,training
1168,13.0,1.0,exposed,True,68.0,training
1169,13.0,1.0,exposed,True,69.0,training
1170,13.0,1.0,exposed,True,70.0,training
1171,13.0,1.0,exposed,True,71.0,training
1172,13.0,1.0,exposed,True,72.0,training
1173,13.0,1.0,exposed,True,73.0,training
1174,13.0,1.0,exposed,True,74.0,training
1175,13.0,1.0,exposed,True,75.0,training
1176,13.0,1.0,exposed,True,76.0,training
1177,13.0,0.0,exposed,True,77.0,training
1178,13.0,0.0,exposed,True,78.0,training
1179,13.0,1.0,exposed,True,79.0,training
1180,13.0,1.0,exposed,True,80.0,training
1181,13.0,1.0,exposed,True,81.0,training
1182,13.0,1.0,exposed,True,82.0,training
1183,13.0,1.0,exposed,True,83.0,training
1184,13.0,1.0,exposed,True,84.0,training
1185,13.0,1.0,exposed,True,85.0,training
1186,13.0,1.0,exposed,True,86.0,training
1187,13.0,1.0,exposed,True,87.0,training
1188,13.0,1.0,exposed,True,88.0,training
1189,13.0,1.0,exposed,True,89.0,training
1190,13.0,1.0,exposed,True,90.0,training
1191,13.0,1.0,exposed,True,91.0,training
1192,13.0,1.0,exposed,True,92.0,training
1193,13.0,1.0,exposed,True,93.0,training
1194,13.0,1.0,exposed,True,94.0,training
1195,13.0,1.0,exposed,True,95.0,training
1196,13.0,1.0,exposed,True,96.0,training
1197,13.0,1.0,exposed,True,97.0,training
1198,13.0,1.0,exposed,True,98.0,training
1199,13.0,1.0,exposed,True,99.0,training
1200,13.0,1.0,exposed,True,100.0,training
1201,13.0,1.0,exposed,True,101.0,training
1202,13.0,1.0,exposed,True,102.0,training
1203,13.0,1.0,exposed,True,103.0,training
1204,13.0,1.0,exposed,True,104.0,training
1205,13.0,0.0,exposed,True,105.0,late test
1206,13.0,0.0,exposed,True,106.0,late test
1207,13.0,1.0,exposed,True,107.0,late test
1208,13.0,1.0,exposed,True,108.0,late test
1209,13.0,1.0,exposed,True,109.0,late test
1210,14.0,1.0,exposed,True,0.0,training
1211,14.0,0.0,exposed,True,1.0,training
1212,14.0,1.0,exposed,True,2.0,training
1213,14.0,0.0,exposed,True,3.0,training
1214,14.0,1.0,exposed,True,4.0,training
1215,14.0,1.0,exposed,True,5.0,training
1216,14.0,0.0,exposed,True,6.0,training
1217,14.0,0.0,exposed,True,7.0,training
1218,14.0,1.0,exposed,True,8.0,training
1219,14.0,1.0,exposed,True,9.0,training
1220,14.0,1.0,exposed,True,10.0,training
1221,14.0,0.0,exposed,True,11.0,training
1222,14.0,1.0,exposed,True,12.0,training
1223,14.0,1.0,exposed,True,13.0,training
1224,14.0,1.0,exposed,True,14.0,training
1225,14.0,0.0,exposed,True,15.0,training
1226,14.0,0.0,exposed,True,16.0,training
1227,14.0,1.0,exposed,True,17.0,training
1228,14.0,1.0,exposed,True,18.0,training
1229,14.0,1.0,exposed,True,19.0,training
1230,14.0,0.0,exposed,True,20.0,training
1231,14.0,0.0,exposed,True,21.0,training
1232,14.0,1.0,exposed,True,22.0,training
1233,14.0,0.0,exposed,True,23.0,training
1234,14.0,1.0,exposed,True,24.0,training
1235,14.0,1.0,exposed,True,25.0,training
1236,14.0,1.0,exposed,True,26.0,training
1237,14.0,1.0,exposed,True,27.0,training
1238,14.0,1.0,exposed,True,28.0,training
1239,14.0,1.0,exposed,True,29.0,training
1240,14.0,0.0,exposed,True,30.0,training
1241,14.0,1.0,exposed,True,31.0,training
1242,14.0,1.0,exposed,True,32.0,training
1243,14.0,1.0,exposed,True,33.0,training
1244,14.0,1.0,exposed,True,34.0,training
1245,14.0,0.0,exposed,False,35.0,training
1246,14.0,0.0,exposed,False,36.0,training
1247,14.0,0.0,exposed,False,37.0,training
1248,14.0,0.0,exposed,False,38.0,training
1249,14.0,0.0,exposed,False,39.0,training
1250,14.0,0.0,exposed,False,40.0,training
1251,14.0,0.0,exposed,False,41.0,training
1252,14.0,0.0,exposed,False,42.0,training
1253,14.0,0.0,exposed,False,43.0,training
1254,14.0,0.0,exposed,False,44.0,training
1255,14.0,0.0,exposed,False,45.0,training
1256,14.0,0.0,exposed,False,46.0,training
1257,14.0,0.0,exposed,False,47.0,training
1258,14.0,0.0,exposed,False,48.0,training
1259,14.0,0.0,exposed,False,49.0,training
1260,14.0,1.0,exposed,True,50.0,early test
1261,14.0,1.0,exposed,True,51.0,early test
1262,14.0,1.0,exposed,True,52.0,early test
1263,14.0,0.0,exposed,True,53.0,early test
1264,14.0,0.0,exposed,True,54.0,early test
1265,14.0,1.0,exposed,True,55.0,training
1266,14.0,1.0,exposed,True,56.0,training
1267,14.0,1.0,exposed,True,57.0,training
1268,14.0,1.0,exposed,True,58.0,training
1269,14.0,1.0,exposed,True,59.0,training
1270,14.0,1.0,exposed,True,60.0,training
1271,14.0,1.0,exposed,True,61.0,training
1272,14.0,1.0,exposed,True,62.0,training
1273,14.0,1.0,exposed,True,63.0,training
1274,14.0,1.0,exposed,True,64.0,training
1275,14.0,1.0,exposed,True,65.0,training
1276,14.0,1.0,exposed,True,66.0,training
1277,14.0,1.0,exposed,True,67.0,training
1278,14.0,1.0,exposed,True,68.0,training
1279,14.0,1.0,exposed,True,69.0,training
1280,14.0,1.0,exposed,True,70.0,training
1281,14.0,1.0,exposed,True,71.0,training
1282,14.0,1.0,exposed,True,72.0,training
1283,14.0,1.0,exposed,True,73.0,training
1284,14.0,1.0,exposed,True,74.0,training
1285,14.0,1.0,exposed,True,75.0,training
1286,14.0,1.0,exposed,True,76.0,training
1287,14.0,1.0,exposed,True,77.0,training
1288,14.0,1.0,exposed,True,78.0,training
1289,14.0,1.0,exposed,True,79.0,training
1290,14.0,1.0,exposed,True,80.0,training
1291,14.0,1.0,exposed,True,81.0,training
1292,14.0,1.0,exposed,True,82.0,training
1293,14.0,1.0,exposed,True,83.0,training
1294,14.0,1.0,exposed,True,84.0,training
1295,14.0,1.0,exposed,True,85.0,training
1296,14.0,1.0,exposed,True,86.0,training
1297,14.0,1.0,exposed,True,87.0,training
1298,14.0,1.0,exposed,True,88.0,training
1299,14.0,1.0,exposed,True,89.0,training
1300,14.0,1.0,exposed,True,90.0,training
1301,14.0,0.0,exposed,True,91.0,training
1302,14.0,1.0,exposed,True,92.0,training
1303,14.0,1.0,exposed,True,93.0,training
1304,14.0,1.0,exposed,True,94.0,training
1305,14.0,1.0,exposed,True,95.0,training
1306,14.0,1.0,exposed,True,96.0,training
1307,14.0,1.0,exposed,True,97.0,training
1308,14.0,1.0,exposed,True,98.0,training
1309,14.0,1.0,exposed,True,99.0,training
1310,14.0,0.0,exposed,False,100.0,training
1311,14.0,0.0,exposed,False,101.0,training
1312,14.0,0.0,exposed,False,102.0,training
1313,14.0,0.0,exposed,False,103.0,training
1314,14.0,0.0,exposed,False,104.0,training
1315,14.0,0.0,exposed,True,105.0,late test
1316,14.0,0.0,exposed,True,106.0,late test
1317,14.0,1.0,exposed,True,107.0,late test
1318,14.0,1.0,exposed,True,108.0,late test
1319,14.0,0.0,exposed,True,109.0,late test
1320,15.0,0.0,exposed,True,0.0,training
1321,15.0,1.0,exposed,True,1.0,training
1322,15.0,1.0,exposed,True,2.0,training
1323,15.0,0.0,exposed,True,3.0,training
1324,15.0,0.0,exposed,True,4.0,training
1325,15.0,1.0,exposed,True,5.0,training
1326,15.0,1.0,exposed,True,6.0,training
1327,15.0,0.0,exposed,True,7.0,training
1328,15.0,0.0,exposed,True,8.0,training
1329,15.0,0.0,exposed,True,9.0,training
1330,15.0,1.0,exposed,True,10.0,training
1331,15.0,0.0,exposed,True,11.0,training
1332,15.0,1.0,exposed,True,12.0,training
1333,15.0,0.0,exposed,True,13.0,training
1334,15.0,1.0,exposed,True,14.0,training
1335,15.0,1.0,exposed,True,15.0,training
1336,15.0,1.0,exposed,True,16.0,training
1337,15.0,0.0,exposed,True,17.0,training
1338,15.0,1.0,exposed,True,18.0,training
1339,15.0,1.0,exposed,True,19.0,training
1340,15.0,1.0,exposed,True,20.0,training
1341,15.0,1.0,exposed,True,21.0,training
1342,15.0,0.0,exposed,True,22.0,training
1343,15.0,1.0,exposed,True,23.0,training
1344,15.0,0.0,exposed,True,24.0,training
1345,15.0,1.0,exposed,True,25.0,training
1346,15.0,0.0,exposed,True,26.0,training
1347,15.0,1.0,exposed,True,27.0,training
1348,15.0,1.0,exposed,True,28.0,training
1349,15.0,1.0,exposed,True,29.0,training
1350,15.0,1.0,exposed,True,30.0,training
1351,15.0,1.0,exposed,True,31.0,training
1352,15.0,1.0,exposed,True,32.0,training
1353,15.0,1.0,exposed,True,33.0,training
1354,15.0,1.0,exposed,True,34.0,training
1355,15.0,0.0,exposed,False,35.0,training
1356,15.0,0.0,exposed,False,36.0,training
1357,15.0,0.0,exposed,False,37.0,training
1358,15.0,0.0,exposed,False,38.0,training
1359,15.0,0.0,exposed,False,39.0,training
1360,15.0,0.0,exposed,False,40.0,training
1361,15.0,0.0,exposed,False,41.0,training
1362,15.0,0.0,exposed,False,42.0,training
1363,15.0,0.0,exposed,False,43.0,training
1364,15.0,0.0,exposed,False,44.0,training
1365,15.0,0.0,exposed,False,45.0,training
1366,15.0,0.0,exposed,False,46.0,training
1367,15.0,0.0,exposed,False,47.0,training
1368,15.0,0.0,exposed,False,48.0,training
1369,15.0,0.0,exposed,False,49.0,training
1370,15.0,1.0,exposed,True,50.0,early test
1371,15.0,0.0,exposed,True,51.0,early test
1372,15.0,0.0,exposed,True,52.0,early test
1373,15.0,1.0,exposed,True,53.0,early test
1374,15.0,1.0,exposed,True,54.0,early test
1375,15.0,1.0,exposed,True,55.0,training
1376,15.0,1.0,exposed,True,56.0,training
1377,15.0,1.0,exposed,True,57.0,training
1378,15.0,1.0,exposed,True,58.0,training
1379,15.0,1.0,exposed,True,59.0,training
1380,15.0,1.0,exposed,True,60.0,training
1381,15.0,0.0,exposed,True,61.0,training
1382,15.0,1.0,exposed,True,62.0,training
1383,15.0,1.0,exposed,True,63.0,training
1384,15.0,1.0,exposed,True,64.0,training
1385,15.0,1.0,exposed,True,65.0,training
1386,15.0,0.0,exposed,True,66.0,training
1387,15.0,1.0,exposed,True,67.0,training
1388,15.0,1.0,exposed,True,68.0,training
1389,15.0,1.0,exposed,True,69.0,training
1390,15.0,1.0,exposed,True,70.0,training
1391,15.0,1.0,exposed,True,71.0,training
1392,15.0,1.0,exposed,True,72.0,training
1393,15.0,1.0,exposed,True,73.0,training
1394,15.0,0.0,exposed,False,74.0,training
1395,15.0,1.0,exposed,True,75.0,training
1396,15.0,1.0,exposed,True,76.0,training
1397,15.0,0.0,exposed,True,77.0,training
1398,15.0,1.0,exposed,True,78.0,training
1399,15.0,1.0,exposed,True,79.0,training
1400,15.0,1.0,exposed,True,80.0,training
1401,15.0,1.0,exposed,True,81.0,training
1402,15.0,1.0,exposed,True,82.0,training
1403,15.0,1.0,exposed,True,83.0,training
1404,15.0,1.0,exposed,True,84.0,training
1405,15.0,1.0,exposed,True,85.0,training
1406,15.0,1.0,exposed,True,86.0,training
1407,15.0,1.0,exposed,True,87.0,training
1408,15.0,1.0,exposed,True,88.0,training
1409,15.0,1.0,exposed,True,89.0,training
1410,15.0,1.0,exposed,True,90.0,training
1411,15.0,1.0,exposed,True,91.0,training
1412,15.0,1.0,exposed,True,92.0,training
1413,15.0,1.0,exposed,True,93.0,training
1414,15.0,1.0,exposed,True,94.0,training
1415,15.0,1.0,exposed,True,95.0,training
1416,15.0,1.0,exposed,True,96.0,training
1417,15.0,1.0,exposed,True,97.0,training
1418,15.0,1.0,exposed,True,98.0,training
1419,15.0,1.0,exposed,True,99.0,training
1420,15.0,0.0,exposed,False,100.0,training
1421,15.0,0.0,exposed,False,101.0,training
1422,15.0,0.0,exposed,False,102.0,training
1423,15.0,0.0,exposed,False,103.0,training
1424,15.0,0.0,exposed,False,104.0,training
1425,15.0,0.0,exposed,True,105.0,late test
1426,15.0,0.0,exposed,True,106.0,late test
1427,15.0,1.0,exposed,True,107.0,late test
1428,15.0,0.0,exposed,True,108.0,late test
1429,15.0,1.0,exposed,True,109.0,late test
1430,16.0,1.0,exposed,True,0.0,training
1431,16.0,0.0,exposed,True,1.0,training
1432,16.0,1.0,exposed,True,2.0,training
1433,16.0,0.0,exposed,True,3.0,training
1434,16.0,1.0,exposed,True,4.0,training
1435,16.0,0.0,exposed,True,5.0,training
1436,16.0,1.0,exposed,True,6.0,training
1437,16.0,0.0,exposed,True,7.0,training
1438,16.0,0.0,exposed,True,8.0,training
1439,16.0,0.0,exposed,True,9.0,training
1440,16.0,0.0,exposed,True,10.0,training
1441,16.0,0.0,exposed,True,11.0,training
1442,16.0,1.0,exposed,True,12.0,training
1443,16.0,0.0,exposed,True,13.0,training
1444,16.0,1.0,exposed,True,14.0,training
1445,16.0,0.0,exposed,True,15.0,training
1446,16.0,1.0,exposed,True,16.0,training
1447,16.0,1.0,exposed,True,17.0,training
1448,16.0,0.0,exposed,True,18.0,training
1449,16.0,1.0,exposed,True,19.0,training
1450,16.0,0.0,exposed,True,20.0,training
1451,16.0,1.0,exposed,True,21.0,training
1452,16.0,1.0,exposed,True,22.0,training
1453,16.0,0.0,exposed,True,23.0,training
1454,16.0,0.0,exposed,True,24.0,training
1455,16.0,0.0,exposed,True,25.0,training
1456,16.0,0.0,exposed,True,26.0,training
1457,16.0,1.0,exposed,True,27.0,training
1458,16.0,1.0,exposed,True,28.0,training
1459,16.0,1.0,exposed,True,29.0,training
1460,16.0,0.0,exposed,True,30.0,training
1461,16.0,1.0,exposed,True,31.0,training
1462,16.0,1.0,exposed,True,32.0,training
1463,16.0,0.0,exposed,True,33.0,training
1464,16.0,0.0,exposed,True,34.0,training
1465,16.0,1.0,exposed,True,35.0,training
1466,16.0,0.0,exposed,True,36.0,training
1467,16.0,1.0,exposed,True,37.0,training
1468,16.0,1.0,exposed,True,38.0,training
1469,16.0,1.0,exposed,True,39.0,training
1470,16.0,1.0,exposed,True,40.0,training
1471,16.0,1.0,exposed,True,41.0,training
1472,16.0,1.0,exposed,True,42.0,training
1473,16.0,0.0,exposed,True,43.0,training
1474,16.0,1.0,exposed,True,44.0,training
1475,16.0,0.0,exposed,False,45.0,training
1476,16.0,0.0,exposed,False,46.0,training
1477,16.0,0.0,exposed,False,47.0,training
1478,16.0,0.0,exposed,False,48.0,training
1479,16.0,0.0,exposed,False,49.0,training
1480,16.0,0.0,exposed,True,50.0,early test
1481,16.0,1.0,exposed,True,51.0,early test
1482,16.0,0.0,exposed,True,52.0,early test
1483,16.0,1.0,exposed,True,53.0,early test
1484,16.0,1.0,exposed,True,54.0,early test
1485,16.0,1.0,exposed,True,55.0,training
1486,16.0,1.0,exposed,True,56.0,training
1487,16.0,1.0,exposed,True,57.0,training
1488,16.0,1.0,exposed,True,58.0,training
1489,16.0,1.0,exposed,True,59.0,training
1490,16.0,0.0,exposed,True,60.0,training
1491,16.0,1.0,exposed,True,61.0,training
1492,16.0,1.0,exposed,True,62.0,training
1493,16.0,1.0,exposed,True,63.0,training
1494,16.0,1.0,exposed,True,64.0,training
1495,16.0,1.0,exposed,True,65.0,training
1496,16.0,1.0,exposed,True,66.0,training
1497,16.0,1.0,exposed,True,67.0,training
1498,16.0,1.0,exposed,True,68.0,training
1499,16.0,1.0,exposed,True,69.0,training
1500,16.0,1.0,exposed,True,70.0,training
1501,16.0,1.0,exposed,True,71.0,training
1502,16.0,0.0,exposed,True,72.0,training
1503,16.0,1.0,exposed,True,73.0,training
1504,16.0,1.0,exposed,True,74.0,training
1505,16.0,1.0,exposed,True,75.0,training
1506,16.0,1.0,exposed,True,76.0,training
1507,16.0,1.0,exposed,True,77.0,training
1508,16.0,1.0,exposed,True,78.0,training
1509,16.0,1.0,exposed,True,79.0,training
1510,16.0,1.0,exposed,True,80.0,training
1511,16.0,1.0,exposed,True,81.0,training
1512,16.0,1.0,exposed,True,82.0,training
1513,16.0,0.0,exposed,True,83.0,training
1514,16.0,1.0,exposed,True,84.0,training
1515,16.0,1.0,exposed,True,85.0,training
1516,16.0,1.0,exposed,True,86.0,training
1517,16.0,1.0,exposed,True,87.0,training
1518,16.0,0.0,exposed,True,88.0,training
1519,16.0,1.0,exposed,True,89.0,training
1520,16.0,0.0,exposed,False,90.0,training
1521,16.0,0.0,exposed,False,91.0,training
1522,16.0,0.0,exposed,False,92.0,training
1523,16.0,0.0,exposed,False,93.0,training
1524,16.0,0.0,exposed,False,94.0,training
1525,16.0,0.0,exposed,False,95.0,training
1526,16.0,0.0,exposed,False,96.0,training
1527,16.0,0.0,exposed,False,97.0,training
1528,16.0,0.0,exposed,False,98.0,training
1529,16.0,0.0,exposed,False,99.0,training
1530,16.0,0.0,exposed,False,100.0,training
1531,16.0,0.0,exposed,False,101.0,training
1532,16.0,0.0,exposed,False,102.0,training
1533,16.0,0.0,exposed,False,103.0,training
1534,16.0,0.0,exposed,False,104.0,training
1535,16.0,0.0,exposed,True,105.0,late test
1536,16.0,0.0,exposed,True,106.0,late test
1537,16.0,1.0,exposed,True,107.0,late test
1538,16.0,0.0,exposed,True,108.0,late test
1539,16.0,0.0,exposed,True,109.0,late test
